{"cameraMode":{"drawMode":0,"name":"Shaded","section":"Shading Mode"},"sceneLighting":false,"audioPlay":false,"sceneViewState":{"m_AlwaysRefresh":false,"showFog":true,"showSkybox":false,"showFlares":true,"showImageEffects":true,"showParticleSystems":true,"showVisualEffectGraphs":true,"m_FxEnabled":true},"in2DMode":false,"pivot":{"x":-2.384185791015625e-7,"y":0.8233785629272461,"z":0.0364842414855957},"rotation":{"x":-0.20646972954273225,"y":-0.08734513819217682,"z":0.018504958599805833,"w":-0.9743735790252686},"size":1.8794559240341187,"orthographic":false}