{"cameraMode":{"drawMode":0,"name":"Shaded","section":"Shading Mode"},"sceneLighting":true,"audioPlay":false,"sceneViewState":{"m_AlwaysRefresh":false,"showFog":true,"showSkybox":true,"showFlares":true,"showImageEffects":true,"showParticleSystems":true,"showVisualEffectGraphs":true,"m_FxEnabled":true},"in2DMode":false,"pivot":{"x":6.863500118255615,"y":1.6261253356933594,"z":-1.39927077293396},"rotation":{"x":0.00047158694360405207,"y":-0.9993711113929749,"z":-0.014681028202176094,"w":-0.03238469362258911},"size":2.4304306507110597,"orthographic":true}